cell_id,family,dataset,mode,seed,epochs_joint,epochs_refine,T_K,T_full,csem_w,terminal_kl_w,latent_anchor_mode,beta0,score_time_weighting,score_head_time_weighting,lr_score_head,lr_refine,cfg_scale,rk4_steps,eval_every,eval_samples,paper_solver_suite,paper_solver_steps,result_name,notes,source_v5_result_name,outputs
0,main,CIFAR,cotrained_csem,42,800,0,1.05,1.35,0.05,0.60,ou_partial,0.07,canonical,unweighted-eps,0.0001,0.000015,2.5,25,50,10000,1,20,cifar_cotrained_csem_s42_cell00,optimized Aug-29 recipe: OU-partial GroupNorm at T_K + terminal KL,cifar_main_csem_oupartial_s42_v5_800,Cotrained CSEM
1,main,CIFAR,cotrained_csem,43,800,0,1.05,1.35,0.05,0.60,ou_partial,0.07,canonical,unweighted-eps,0.0001,0.000015,2.5,25,50,10000,1,20,cifar_cotrained_csem_s43_cell01,optimized Aug-29 recipe: OU-partial GroupNorm at T_K + terminal KL,cifar_main_csem_oupartial_s43_v5_800,Cotrained CSEM
2,main,CIFAR,independent_pair,42,800,800,0.0,1.35,0.0,0.07,none,0.07,disabled-two-stage,unweighted-eps,0.0001,0.0001,2.5,25,50,10000,1,20,cifar_independent_pair_s42_cell02,VAE-only training followed by equally long paired CSEM/Tweedie prior training on ONE frozen VAE; score-training epoch clock,cifar_main_independent_pair_s42_v4_v5_800_frozen,Independent CSEM + Independent Tweedie
3,main,CIFAR,independent_pair,43,800,800,0.0,1.35,0.0,0.07,none,0.07,disabled-two-stage,unweighted-eps,0.0001,0.0001,2.5,25,50,10000,1,20,cifar_independent_pair_s43_cell03,VAE-only training followed by equally long paired CSEM/Tweedie prior training on ONE frozen VAE; score-training epoch clock,cifar_main_independent_pair_s43_v4_v5_800_frozen,Independent CSEM + Independent Tweedie
4,main,FMNIST,fmnist_aug13_gaussian,42,700,0,2.0,2.0,0.60,1.0,none,0.01,unweighted-eps,unweighted-eps,0.0003333333333333334,0.00001,3.0,25,50,10000,1,20,fmnist_fmnist_aug13_gaussian_s42_cell04,Recovered Aug13 Gaussian-start joint recipe; unchanged training engine; fixed metric headers,fmnist_main_csem_aug13_gaussian_v4_s42_v5_paper,Cotrained CSEM
5,main,FMNIST,fmnist_aug13_gaussian,43,700,0,2.0,2.0,0.60,1.0,none,0.01,unweighted-eps,unweighted-eps,0.0003333333333333334,0.00001,3.0,25,50,10000,1,20,fmnist_fmnist_aug13_gaussian_s43_cell05,Recovered Aug13 Gaussian-start joint recipe; unchanged training engine; fixed metric headers,fmnist_main_csem_aug13_gaussian_v4_s43_v5_paper,Cotrained CSEM
6,main,FMNIST,independent_pair,42,700,700,0.0,2.0,0.0,0.01,none,0.01,disabled-two-stage,unweighted-eps,0.0008,0.0008,3.0,25,50,10000,1,20,fmnist_independent_pair_s42_cell06,VAE-only training followed by equally long paired CSEM/Tweedie prior training on ONE frozen VAE; score-training epoch clock,fmnist_main_independent_pair_v4_s42_frozen,Independent CSEM + Independent Tweedie
7,main,FMNIST,independent_pair,43,700,700,0.0,2.0,0.0,0.01,none,0.01,disabled-two-stage,unweighted-eps,0.0008,0.0008,3.0,25,50,10000,1,20,fmnist_independent_pair_s43_cell07,VAE-only training followed by equally long paired CSEM/Tweedie prior training on ONE frozen VAE; score-training epoch clock,fmnist_main_independent_pair_v4_s43_frozen,Independent CSEM + Independent Tweedie
8,replication,FMNIST,fmnist_aug18_recovered,42,400,0,1.5,1.5,0.10,0.30,none,0.01,canonical,unweighted-eps,0.0008,0.00001,3.0,25,50,10000,0,20,fmnist_fmnist_aug18_recovered_s42_cell08,Aug18 same-sample routing restored; oracle-qT-class result4.97; not deployable headline; N10000 from original launch log,fmnist_aug18_shared_cfg3_replication_v4_s42,Cotrained CSEM
9,scale_anchor,CIFAR,anchor_norm,42,800,0,1.05,1.35,0.05,0.0,none,0.07,canonical,unweighted-eps,0.0001,0.000015,2.5,25,50,10000,0,20,cifar_anchor_norm_s42_cell09,historical hard GN0 no terminal KL; ablation control,cifar_anchor_norm_s42_v5_800,Cotrained CSEM
10,scale_anchor,CIFAR,anchor_none,42,800,0,1.05,1.35,0.05,0.0,none,0.07,canonical,unweighted-eps,0.0001,0.000015,2.5,25,50,10000,0,20,cifar_anchor_none_s42_cell10,intentional no-anchor failure control; scale blow-up is expected,cifar_anchor_none_s42_v5_800,Cotrained CSEM
11,horizon_anchor,CIFAR,sensitivity,42,800,0,1.05,1.25,0.05,0.60,ou_partial,0.07,canonical,unweighted-eps,0.0001,0.000015,2.5,25,50,5000,0,20,cifar_sensitivity_s42_cell11,T sensitivity lower point with optimized OU-partial anchor held on,cifar_oupartial_T1p25_wK0p60_s42_v5_800,Cotrained CSEM
12,horizon_anchor,CIFAR,sensitivity,42,800,0,1.05,1.45,0.05,0.60,ou_partial,0.07,canonical,unweighted-eps,0.0001,0.000015,2.5,25,50,5000,0,20,cifar_sensitivity_s42_cell12,T sensitivity upper point with optimized OU-partial anchor held on,cifar_oupartial_T1p45_wK0p60_s42_v5_800,Cotrained CSEM
13,horizon_anchor,CIFAR,sensitivity,42,800,0,1.05,1.35,0.05,0.40,ou_partial,0.07,canonical,unweighted-eps,0.0001,0.000015,2.5,25,50,5000,0,20,cifar_sensitivity_s42_cell13,terminal-KL sensitivity lower point with optimized OU-partial anchor held on,cifar_oupartial_T1p35_wK0p40_s42_v5_800,Cotrained CSEM
14,horizon_anchor,CIFAR,sensitivity,42,800,0,1.05,1.35,0.05,0.80,ou_partial,0.07,canonical,unweighted-eps,0.0001,0.000015,2.5,25,50,5000,0,20,cifar_sensitivity_s42_cell14,terminal-KL sensitivity upper point with optimized OU-partial anchor held on,cifar_oupartial_T1p35_wK0p80_s42_v5_800,Cotrained CSEM
15,tweedie_collapse,CIFAR,naive_tweedie_cotrain,42,100,0,1.35,1.35,1.0,0.0,none,0.07,unweighted-eps,unweighted-eps,0.0001,0.000015,2.5,20,10,2000,1,20,cifar_naive_tweedie_cotrain_s42_cell15,intentional collapse control; not an optimized generation arm,cifar_naive_tweedie_cotrain_s42,Cotrained Tweedie collapse control
16,scale_anchor,CIFAR,raw_terminal_control,42,800,0,1.05,1.35,0.05,0.60,none,0.07,canonical,unweighted-eps,0.0001,0.000015,2.5,25,50,10000,0,20,cifar_raw_terminal_control_s42_cell16,paired raw-mean terminal-KL-only control for OU-partial gain,cifar_raw_terminal_kl_control_s42_v5_800,Cotrained CSEM
17,scale_anchor,CIFAR,raw_terminal_control,43,800,0,1.05,1.35,0.05,0.60,none,0.07,canonical,unweighted-eps,0.0001,0.000015,2.5,25,50,10000,0,20,cifar_raw_terminal_control_s43_cell17,paired raw-mean terminal-KL-only control for OU-partial gain,cifar_raw_terminal_kl_control_s43_v5_800,Cotrained CSEM
18,raw_anchor_sensitivity,CIFAR,raw_terminal_control,42,800,0,0.95,1.35,0.05,0.6,none,0.07,canonical,unweighted-eps,0.0001,0.000015,2.5,25,50,10000,0,20,cifar_raw_terminal_control_s42_cell18,Controlled raw-mean terminal boundary/weight sweep; no architecture normalization; T_full fixed1.35,cifar_raw_TK0p95_K0p6_s42_v5_800,Cotrained CSEM
19,raw_anchor_sensitivity,CIFAR,raw_terminal_control,42,800,0,1.15,1.35,0.05,0.6,none,0.07,canonical,unweighted-eps,0.0001,0.000015,2.5,25,50,10000,0,20,cifar_raw_terminal_control_s42_cell19,Controlled raw-mean terminal boundary/weight sweep; no architecture normalization; T_full fixed1.35,cifar_raw_TK1p15_K0p6_s42_v5_800,Cotrained CSEM
20,raw_anchor_sensitivity,CIFAR,raw_terminal_control,42,800,0,1.05,1.35,0.05,0.4,none,0.07,canonical,unweighted-eps,0.0001,0.000015,2.5,25,50,10000,0,20,cifar_raw_terminal_control_s42_cell20,Controlled raw-mean terminal boundary/weight sweep; no architecture normalization; T_full fixed1.35,cifar_raw_TK1p05_K0p4_s42_v5_800,Cotrained CSEM
21,raw_anchor_sensitivity,CIFAR,raw_terminal_control,42,800,0,1.05,1.35,0.05,0.8,none,0.07,canonical,unweighted-eps,0.0001,0.000015,2.5,25,50,10000,0,20,cifar_raw_terminal_control_s42_cell21,Controlled raw-mean terminal boundary/weight sweep; no architecture normalization; T_full fixed1.35,cifar_raw_TK1p05_K0p8_s42_v5_800,Cotrained CSEM
