arm,epoch,sampler,fid_rounded_in_log,kid_rounded_in_log
norm,50,heun_sde@50_randtok_cfg3.0,8.72,0.0022
norm,50,rk4_ode@25_randtok_cfg3.0,7.27,0.0015
norm,100,heun_sde@50_randtok_cfg3.0,7.25,0.0014
norm,100,rk4_ode@25_randtok_cfg3.0,6.00,0.0011
norm,150,heun_sde@50_randtok_cfg3.0,6.69,0.0012
norm,150,rk4_ode@25_randtok_cfg3.0,5.57,0.0008
norm,200,heun_sde@50_randtok_cfg3.0,7.52,0.0016
norm,200,rk4_ode@25_randtok_cfg3.0,5.95,0.0011
norm,250,heun_sde@50_randtok_cfg3.0,6.11,0.0010
norm,250,rk4_ode@25_randtok_cfg3.0,5.24,0.0008
norm,300,heun_sde@50_randtok_cfg3.0,5.47,0.0008
norm,300,rk4_ode@25_randtok_cfg3.0,5.56,0.0011
norm,350,heun_sde@50_randtok_cfg3.0,6.74,0.0012
norm,350,rk4_ode@25_randtok_cfg3.0,6.03,0.0011
norm,400,heun_sde@50_randtok_cfg3.0,6.25,0.0011
norm,400,rk4_ode@25_randtok_cfg3.0,5.39,0.0009
norm,450,heun_sde@50_randtok_cfg3.0,6.47,0.0012
norm,450,rk4_ode@25_randtok_cfg3.0,5.88,0.0011
norm,500,heun_sde@50_randtok_cfg3.0,6.25,0.0012
norm,500,rk4_ode@25_randtok_cfg3.0,5.80,0.0011
norm,550,heun_sde@50_randtok_cfg3.0,6.34,0.0012
norm,550,rk4_ode@25_randtok_cfg3.0,5.99,0.0012
norm,600,heun_sde@50_randtok_cfg3.0,6.19,0.0011
norm,600,rk4_ode@25_randtok_cfg3.0,5.92,0.0012
norm,650,heun_sde@50_randtok_cfg3.0,6.04,0.0010
norm,650,rk4_ode@25_randtok_cfg3.0,5.82,0.0011
norm,700,heun_sde@50_randtok_cfg3.0,6.14,0.0010
norm,700,rk4_ode@25_randtok_cfg3.0,5.86,0.0011
terminal,50,heun_sde@50_randtok_cfg3.0,10.49,0.0031
terminal,50,rk4_ode@25_randtok_cfg3.0,9.23,0.0024
terminal,100,heun_sde@50_randtok_cfg3.0,7.99,0.0021
terminal,100,rk4_ode@25_randtok_cfg3.0,7.44,0.0018
terminal,150,heun_sde@50_randtok_cfg3.0,7.13,0.0017
terminal,150,rk4_ode@25_randtok_cfg3.0,6.82,0.0015
terminal,200,heun_sde@50_randtok_cfg3.0,6.52,0.0014
terminal,200,rk4_ode@25_randtok_cfg3.0,6.35,0.0014
terminal,250,heun_sde@50_randtok_cfg3.0,6.36,0.0013
terminal,250,rk4_ode@25_randtok_cfg3.0,6.26,0.0012
terminal,300,heun_sde@50_randtok_cfg3.0,6.24,0.0015
terminal,300,rk4_ode@25_randtok_cfg3.0,6.07,0.0014
terminal,350,heun_sde@50_randtok_cfg3.0,5.79,0.0012
terminal,350,rk4_ode@25_randtok_cfg3.0,5.62,0.0011
terminal,400,heun_sde@50_randtok_cfg3.0,5.57,0.0013
terminal,400,rk4_ode@25_randtok_cfg3.0,5.48,0.0012
terminal,450,heun_sde@50_randtok_cfg3.0,5.81,0.0012
terminal,450,rk4_ode@25_randtok_cfg3.0,5.62,0.0011
terminal,500,heun_sde@50_randtok_cfg3.0,5.49,0.0011
terminal,500,rk4_ode@25_randtok_cfg3.0,5.49,0.0011
terminal,550,heun_sde@50_randtok_cfg3.0,5.73,0.0014
terminal,550,rk4_ode@25_randtok_cfg3.0,5.59,0.0012
terminal,600,heun_sde@50_randtok_cfg3.0,5.29,0.0011
terminal,600,rk4_ode@25_randtok_cfg3.0,5.27,0.0010
terminal,650,heun_sde@50_randtok_cfg3.0,5.13,0.0009
terminal,650,rk4_ode@25_randtok_cfg3.0,5.25,0.0010
terminal,700,heun_sde@50_randtok_cfg3.0,5.22,0.0010
terminal,700,rk4_ode@25_randtok_cfg3.0,5.24,0.0010
